phone_number,contact_name
054-3851599,Diana
053-4218795,Jeremy
056-7295059,Allison
059-1368252,Shane E
051-5432074,Jaime
057-8057041,Melanie
052-3509586,Kerry A
053-8277971,Zachary
058-6083413,Angela
052-8514970,Pam T L
054-1592529,Elaine
054-1185259,Colleen
052-7246852,Tonya
053-7058858,Alison
058-1740801,Ana
050-3541543,Paige
053-9035400,Maurice
056-2814471,Garrett
056-9353286,Diane
056-1709586,Bill R
053-1813454,Chloe
058-8288548,Eddie X
054-2648783,Elijah
052-5116258,Leroy
051-4230754,Timothy
052-7664637,Dalton
050-8301255,Seth Q
052-1047912,Sheila
055-5405345,Rickey
051-9562732,Tara M
055-4521930,Jenny O
051-4457955,Luis N
052-7637160,Tammy Y
051-0969998,James
052-6496440,Linda E
059-2942357,Mia V V
059-0713424,Glen
056-3277653,Dean
051-8103337,Marc
052-9511341,Yesenia
053-4649951,Albert
059-1197039,Mario
053-7802476,Claire
054-2431050,Jodi O
057-5935556,Edgar F
055-5042955,Zoe
050-7000496,Krista
051-8853696,Kayla
054-5938964,Devin W
053-8741949,Jacob B
050-1778369,Joann
051-0144094,Haley M
058-5779073,Susan B
056-6141455,Peggy
050-5361700,Brandi
054-5667263,Hector
050-3450384,Jorge
051-9290265,David
052-7765048,Leslie
052-4029853,Ross L
059-0246048,Judy
054-4861633,Randall
056-0911605,Sharon
057-4260092,Steven
052-0406816,Alex S
056-1416130,Dillon
054-0024595,Noah
055-5859601,Jasmin
053-9727116,Barry T
057-8028786,Jesse N
057-3541624,Julie D
053-1509011,Riley F
054-6580534,Dan U R
054-9148060,Lee
054-2761333,Derrick
051-2131496,Darryl
058-5055833,Caleb
059-9199188,Molly M
058-6669915,Erin
055-8203767,Devin D
059-4542370,Amanda
054-8047045,Helen
055-4001265,Stacy
054-4809465,Sheena
053-9894324,Edgar
055-9523886,Lucas
055-3954285,Barry
050-8091422,Jeanne
056-4625994,Renee G
055-8103314,April
059-4222458,Tyler
058-7928636,Debra J
054-1562355,Jeffery
053-9949921,Shari
052-5794700,Riley M
051-4383369,Dominic
053-8714074,Billy O
050-4329872,Tasha
054-0741901,Wyatt
059-9182319,Gary L
058-3533753,Joe S O
058-5470604,Jake W
050-5701717,Louis
057-7222689,Maria B
055-4612190,Norma
051-1907608,Michele
058-0805983,Mia
050-3815516,Madison
053-6371041,Lindsay
051-6693169,Bridget
059-2207790,Dylan
057-2349376,Ralph R
059-5419685,Jared C
056-4025163,Karla U
051-1722868,Marco
053-4767468,Pedro
050-0344277,Cory M
057-5587750,Joanna
050-6046245,Molly
051-9450893,Bryce A
050-7378129,Rick S
053-2407752,Emma C
059-7985180,Todd B
050-4378881,Andre C
053-0449340,Sean
056-3801555,Cynthia
053-7684409,Randy F
050-4698254,Jon M
056-8694148,Max P
052-1065140,Tony R
051-1700427,Brandy
057-0001847,Caitlyn
053-0255856,Rachael
054-9645620,Jamie W
050-0714102,Nina
054-3055978,Ernest
056-1235167,Chris H
052-0736309,Bill
050-8584146,Shelia
059-7861095,Brian
054-6002559,Kylie
059-9338182,Ashley
054-8189290,Malik N
058-3461471,Erik N
057-6864121,Jean S
050-0431777,Tabitha
051-7150134,Alexis
056-2993600,Joann J
059-4003324,Adam
056-5619731,Tara
050-2453268,Mario J
054-0764785,Malik
055-5296490,George
054-5757594,Faith
055-1499331,Tami Z
050-5128599,Jose
050-1967565,Gordon
057-5062529,Mark J
052-5696034,Keith L
054-5301441,Karina
051-9611329,Glen R
054-2156008,Gerald
051-2102642,Jose B
055-7820685,Jack
059-4101764,Tracy
052-5803974,Joan W
056-0632552,Sheri F
052-8911776,Judy W
052-3982415,Kendra
051-9354908,Karl S
054-1936221,Jean
058-1946824,Rita I
055-2690127,Omar I
053-7903710,Robyn Q
056-9703172,Drew
059-2658110,Paula S
051-1540493,Tasha D
057-8935839,Aimee
054-6016946,Cory
053-4130050,Sheri P
057-9944194,Cindy L
059-9677697,Melvin
053-8691671,Leroy T
056-5956842,Mathew
053-8975932,Beverly
056-0903753,Roy
051-7360640,Eddie
056-3590587,Daisy
053-8909382,Carla
051-7220271,Dana
050-5099216,Vernon
058-3613889,Darin
057-9537781,Greg U
057-6200420,Karen V
054-0237926,Donna
057-2076619,Marvin
056-8062992,Earl
051-5942717,Wanda N
057-3647869,Becky S
054-4648600,Shawna
051-9673853,Mason
054-8461718,Danny F
053-9843208,Tom Y
050-5681417,Gregg S
059-2534200,Toni
058-6896514,Gail
057-3532834,Ethan
059-0924319,Mindy M
053-5485213,Sean D
058-8554807,Claudia
051-3049939,Misty
052-8609267,Glenn
057-3610208,Bryan T
054-2896475,Rachel
054-9839133,Perry F
056-6488080,Helen Y
057-8886575,Dawn
050-1780191,Gail B
050-4923309,Corey A
051-1206807,Sylvia
058-7233506,Jessica
053-9692727,Beth Z
053-5316400,Gene R
058-5679795,Eric
056-4711688,Caitlin
059-0540226,Patty M
053-2955138,Harry M
053-1191883,Robin
057-2283365,Tammy
053-4151230,Howard
053-5648491,Daisy T
058-5331811,Joy H D
050-3310761,Parker
052-7736119,Travis
055-8996988,Roberta
059-0693075,Tyrone
053-8088548,Brandon
059-2321998,Teresa
054-2769961,Laura Z
057-2676814,Bob L
053-4360162,Nicolas
053-1853858,Matthew
053-8449578,Holly
053-7561091,Wendy
055-8507619,Heidi Q
053-6517765,Lacey
055-2305591,Wayne A
056-1562866,Corey
050-6234331,Sue K
051-9474937,Carlos
051-0919186,Susan
053-0598927,Grant C
053-3637936,Alec
053-8518851,Connor
055-2000014,Latoya
057-4121266,Eduardo
057-7373959,Regina
057-3968117,David N
056-4706249,Joanne
051-2647997,Preston
057-2675563,Mary T
054-6143611,Candace
051-4999162,Phillip
054-5353201,Isaac H
054-3547303,Holly A
059-4455681,Sonia
051-1802094,Shaun R
059-2165870,Alec A
053-8509280,Cesar
057-0946006,Ellen H
057-8656104,Wendy A
056-1220914,Harold
057-0115112,Deborah
056-2925219,Bailey
059-3848299,Alan W
056-5260976,Rose H
056-9568829,Tracy R
054-6930691,Sonya P
055-5173665,Cody U
057-4886777,Lisa J
052-4845273,Bryan
057-3624895,Valerie
056-0666559,Cory C
051-4917514,Jill
057-5640017,Marcus
058-5365852,Leah J
051-8509700,Lynn
053-6840037,Pamela
055-1390477,Arthur
059-8371484,Gabriel
051-2933273,Chloe S
050-1794729,Candice
059-4697798,Cory L
050-8133153,Melody
053-6023344,Jesus
054-9714441,Caleb R
052-1477706,Lauren
057-0070525,Carl
057-3247160,Suzanne
054-3978592,James V
057-6688887,Willie
056-6961747,Troy
052-1309256,Dave V
055-0157190,Dean F
050-6317744,Heather
050-7293780,Jenny
052-4888357,Ian
054-3321805,Isabel
059-7224876,Daryl
050-7323305,Karl
059-1495586,William
052-4241443,Erika G
058-0250357,Gina P
055-1082050,Tina T
051-5796010,Derek V
059-7040633,Max W
055-4246267,Kiara
052-2149188,Briana
054-9505533,Belinda
057-6666887,Beth
056-3804154,Jason I
054-3941506,Alvin V
055-2077644,Marie P
052-4946763,Paul
053-6195882,Kerri Z
050-6436427,Greg
056-2652201,Zoe X K
051-5078382,Dale T
053-2500455,Shannon
056-5461038,Ricky D
057-0446619,Cindy
053-3846140,Jeffrey
051-8717606,Terry
052-5000468,Norma T
059-6043980,Karen
050-4080073,Ray
051-5163856,Marie
052-1390310,Luke E
054-9620481,Duane P
058-1525518,Jesus X
052-9497095,Cindy D
050-7717655,Carl F
057-1739988,Anthony
053-6654585,Vicki X
056-8680082,Ray S M
056-1197774,Henry Y
057-0917599,Katie P
051-2117767,Julia
053-8345118,Jody
056-9567423,Alice T
058-8857186,Sarah L
057-0335075,Dale E
051-6148057,Laura
058-7719928,Alyssa
053-1337613,Janet K
050-7126318,Annette
059-0994441,Amber Y
052-2794353,Sheri
052-9126460,Logan
051-0397500,Misty Q
054-7859496,Cody
054-6292030,Rebekah
058-7135921,Omar
059-2232437,Isaac
050-3913575,Kerri
054-8682990,Ryan N
055-7394060,Mindy H
056-3827978,Sherri
050-7206684,Stacey
055-0651532,Jenna
057-1439497,Phyllis
051-1584353,Tim
051-1295139,Pedro Y
051-1261804,Miguel
058-2293760,Donna G
051-9210913,Cheryl
054-4549818,Natalie
054-2849398,Joan
059-6123371,Cesar Z
052-7327663,Julie L
050-2584030,Keith
050-0121020,Tamara
055-3143368,Zoe X T
053-4860249,Alan
058-8032306,Breanna
058-4724773,Jim X
052-2213628,Edwin
054-3197598,Gary
053-7984723,Kathy
053-5690931,Shawn
054-3552035,Hailey
053-4082422,Tricia
050-6453928,Chris
053-4822824,Melissa
053-4126601,Allen X
059-8710750,Chase F
057-8421209,Cathy
057-9089154,Raven
055-0565961,Joy H
053-3322932,Rita
054-3405770,Penny J
058-9057876,Nina V
058-3189874,Casey K
058-0410659,Jerome
053-2504920,Jackie
054-0884028,Diamond
051-4256017,Ross P
058-5477905,Destiny
057-0881327,Glenda
052-8802988,Tanya R
052-4472890,Joshua
053-2509596,Vincent
057-4550505,Holly B
059-2509875,Adrian
050-3250133,Mike
057-8370550,Kyle L
057-5381314,Ethan J
055-1051679,Tim Z P
059-9625900,Tracy Z
059-2720530,Stacie
058-3467985,Steve Q
058-1166595,Patrick
056-0471620,Sue
055-0091090,Bethany
057-1426822,Bonnie
051-2446075,Noah Y
053-7650429,Evan
056-8870070,Evan F
055-5160530,Raymond
059-5863373,Kaylee
051-1090335,Shawn F
057-6907897,Hannah
058-2030322,Brendan
054-5418019,Adriana
051-0107194,Guy W
054-2510856,Bradley
053-8133964,Alexa
051-7409991,Penny
059-1067893,Paula
059-7120207,Alisha
052-8886907,Tanya
054-9126815,Shelley
057-6599659,Kaitlyn
059-7696759,Eileen
059-1602373,Ariel
051-7697316,Grant
051-1992124,Faith Y
059-3851756,Tammie
057-8393547,Bill K
050-8789016,Maureen
055-6595219,Jon B
052-2980765,Douglas
057-0714938,Scott
050-7740938,Luis C
058-5493576,Haley
053-4160700,Joyce S
055-3303281,Jason
059-1355945,Donald
057-9649986,Whitney
055-2401236,Latasha
054-4196217,Lance
050-7083336,Robert
050-8572879,Mallory
053-5379658,Kiara T
059-3528067,Barbara
052-1837185,Mandy
054-6692146,Edward
054-6993814,Tommy Q
057-7457119,Marco V
058-1957413,Ebony
051-7526751,Jay
051-0450032,Sally
053-5418936,Jody I
050-8528979,Brett M
054-1008861,Kerry
058-3652225,Jill O
053-7113356,Curtis
053-2273124,Manuel
052-0002494,Amy K
055-6083179,Julia F
052-4883668,Jean Y
050-0882942,Chad
057-7163115,Juan Q
050-6941710,Faith X
051-2776015,Anita
054-7272383,Rose
053-1275218,Peggy K
050-6174225,Luke
055-1740909,Wanda
058-1718205,Dakota
056-4675569,Russell
058-0228468,Roy L
058-5142860,Sonia P
053-4327354,Austin
050-8840252,Leon
054-3101590,Tara Z
053-8719502,Jeff
056-6507402,Kari
057-0088028,Ethan Z
051-4428511,Xavier
057-9425234,Theresa
057-3826675,Tyler X
051-9282826,Devon
053-8253506,Evan W
057-8233136,Kristen
059-4211855,Robin H
056-2113100,Jocelyn
059-8375826,Katie
053-5900614,Erica B
057-1421710,Aaron
051-6474583,Don
056-4283776,Chelsey
052-1987808,Sara
058-4205343,Isaac S
059-3658354,John H
050-0763003,Darius
057-6023904,Jordan
050-5161606,Paul D
057-7355398,Jade
055-3255786,Stephen
055-2209051,Steve
050-1717276,Maxwell
051-3640047,Krystal
054-5872743,Oscar
056-1750062,Diana T
058-9456958,Devin
051-3606058,Laurie
054-6346774,Alvin
056-9004526,Lonnie
054-3816002,Michael
050-6872410,Anne
052-4437022,John S
055-1662263,Paige Y
054-8486235,Kari W
057-6049755,Troy O
055-2924759,Loretta
053-5261652,Sandy
052-4200832,Leah
055-6975441,Lydia Q
056-6095683,Kara F
058-7048886,Mandy L
059-7377397,Diane Z
052-8389937,Joel J
055-4176772,Lori I
050-5304825,Jaclyn
055-3877007,Bernard
057-0785514,Lori
050-2608012,Tim Z D
051-2589845,Betty D
057-7874525,Ralph X
051-9892262,Frank A
051-8077301,Bobby
058-0575502,Carrie
055-0111524,Stanley
058-4411614,Gavin E
058-2368782,Abigail
057-2102660,Felicia
058-6466179,Miranda
053-0279413,Jane
059-6634169,Jake
054-4624422,Oscar X
054-7688796,Gregory
053-0921051,Katelyn
059-4116726,Renee
059-5456237,Grace
053-0977168,Wayne F
059-1770459,Javier
053-9808451,Emma
052-5959312,Eric S
050-4679941,Bruce Z
053-1998859,John
055-7169873,Kaitlin
058-2693632,Ricky
056-4857938,Ariel X
051-7095141,Harry R
057-2531378,Cassie
052-0042662,Becky
054-4720573,Clayton
051-3593961,Kelli
054-6208389,Judith
055-8545429,Kerri I
057-3987920,Jay A
056-3392187,Kevin P
052-5644898,Danny
055-6782585,Sean V
053-2684696,Cathy L
059-4209620,Makayla
051-6369883,Yvonne
058-0102351,Jane D
056-5157577,Evelyn
059-7813429,Tanya A
056-3375227,Jasmine
058-5802001,Bruce
057-0851093,Gregg L
053-9557365,Ana E
056-5053427,Luis
051-1833729,Fred B
052-5227893,Robin R
050-5504940,Angel
057-6097052,Angel V
054-1289681,Ruth U
057-3076236,Clinton
050-9717454,Perry
054-5876081,Shawn R
054-8739750,Jenna K
054-7077768,Ray S
053-0272275,Alexa U
050-7975644,Cole
050-8167258,Aimee E
052-1278749,Mia V
051-3307116,Maria Z
056-2417193,Andre
058-3460919,Julian
058-6867544,Ralph
053-0660723,Seth
059-4970895,Janice
059-4059171,Kelsey
059-2321057,Lydia E
058-2503401,Martha
054-2732153,Jesse
053-6522185,Kristi
053-9759199,Brett
050-8506878,Gavin
059-2929187,Ronald
057-7390061,Brenda
055-0503180,Billy
055-0560566,Ebony P
057-1998317,Bob
051-4004475,Carly
052-2444198,Jerry H
056-7714242,Sally D
056-8983863,Blake U
052-9186168,Audrey
052-3342639,Jane Y
058-3361024,Brad
057-3771572,Darren
057-6669763,Craig
052-4053849,Ann O
056-2952338,Neil
058-2997243,Heidi
051-1541359,Debbie
053-3428296,Nina R
050-2577888,Hayden
051-9130543,Marc E
051-1225491,Joyce
052-0625209,Wayne
053-8359587,Henry
055-9814040,Leon M
057-2420177,Brady
056-7981115,Ruben
059-5605097,Melinda
053-1032714,Kim
051-8776599,Jesus H
054-9290442,Kim S
058-2415829,Kristin
059-6514998,Erica D
059-4869961,Ruth J
055-3142936,Traci I
055-9494646,Alice
054-8892584,Ivan
056-1558681,Monique
054-9774172,Kyle
052-3028542,Kara
050-4886432,Anna
054-1989315,Tom
050-5397971,Kurt V
057-7773057,Lacey J
050-6884025,Mike P
056-9399269,Kerry B
059-3065254,Damon N
051-9530813,Kirsten
055-5459439,Yvette
059-1718793,Ashlee
057-7994324,Collin
054-3610334,Ivan I
050-1920092,Hunter
057-6206249,Darrell
057-4497359,Maria
058-2505920,Larry W
059-4520234,Peter X
056-4149487,Duane
053-7123636,Karla
051-5453933,Erin V
059-4708029,Tanner
051-8926742,Andrew
052-5395677,Charles
055-0015617,Christy
056-5673004,Emily Q
051-2235999,Monica
050-7772629,Sonya
054-2499432,Allen
050-6744597,Carol
058-5628054,Marcia
057-1574529,Tim Z
057-5577818,Tom K
057-2234434,Alex
056-0383487,Philip
050-7533054,Ellen
052-7846819,Olivia
057-6850651,Traci
056-9371837,Anna R
058-0883109,Tiffany
050-7554865,Kent
052-1100576,Micheal
052-2856141,Kristie
056-5019206,Karl O
055-6601516,Ariel L
051-8021111,Jillian
057-1998907,Carmen
053-1828670,Calvin
050-3973490,Kelly
059-0927045,Lee D
053-2485202,Sydney
052-1617158,Robin M
050-1399003,Julie
058-8654511,Mariah
058-4305777,Sheryl
058-6934825,Damon Q
056-3001389,Ian C R
050-1722173,Terri
053-4888084,Adam Z
050-2085580,Daniel
053-3378541,Vanessa
059-3515273,Grace B
053-3595244,Kevin
058-6980284,Sara N
052-6596600,Natasha
050-6053828,Megan S
052-5800712,Lori W
055-4935228,Cole J
056-3321973,Dennis
050-7122540,Stuart
052-0189274,Aaron V
051-6844781,Sophia
059-8348505,Colin
051-5500624,Jimmy U
054-7701560,Roy Z
054-7100941,Jackson
057-5377042,Sandy Y
057-4554722,Erik
057-7038631,Lucas F
057-6372270,Lydia
052-9956216,Kent F
055-9249575,Sandra
053-4317964,Fred
052-6490991,Frank
052-2964200,Jim
054-0170322,Brad M
056-7953108,Alicia
055-8733973,Jerry
053-2182204,Julia U
051-5671698,Shane
055-1404980,Blake
053-2695193,Randy
058-4815387,Denise
057-2932096,Devon B
057-3210080,Bobby I
059-0522607,Brooke
059-1935089,Shari C
052-7853389,Ruth
056-2181936,Logan C
051-6677831,Lori R
052-4005719,Sarah
056-1570633,Samuel
053-9230461,Erika
057-1718412,Colin Y
050-8020072,Kristy
058-0854508,Darlene
058-9248927,Riley
058-2402788,Dustin
053-9977842,Katrina
052-4585973,Jorge S
051-0856868,Connie
056-6650915,Gene
053-9144612,Eugene
052-8016668,Betty K
053-6230401,Shelby
054-3650739,Omar S
059-9926394,Larry
055-8870662,Tami
051-8554941,Chase
059-7356091,Rick
052-9500225,Brent
052-7178821,Sergio
051-4281674,Leon V
055-2920445,Edwin S
058-5827732,Jody D
050-3110645,Patty
057-8933172,Warren
052-3685988,Erica
052-7613852,Ruben I
053-6085051,Mason N
057-0006617,Francis
056-4126287,Jared
054-7301192,Vicki
059-6649104,Kenneth
054-6889565,Anita K
057-2917169,Wyatt D
051-6709090,Guy
056-2493832,Shirley
052-9605471,Jaime A
054-7834977,Gregg
054-9360466,Chad I
057-0043779,Angie
050-9674578,Andres
055-6002840,Meagan
057-4837762,Danny D
057-6314607,Mark
052-4371121,Rodney
053-3762701,Ronnie
052-6283025,Tony
057-5390307,Kylie O
053-8353619,Sherry
051-5627952,Carol D
055-6077238,Betty Z
052-7892924,Wanda I
051-3841521,Dylan R
057-6025823,Ryan
051-6368659,Dan U
053-9860404,Jimmy
055-2503605,Anne V
058-1433795,Shelly
050-6330256,Betty
059-7944931,Raven I
052-9820889,Yolanda
050-4076150,Angie J
052-9799480,Walter
059-8786070,April P
057-4073789,Nancy T
055-1721283,Crystal
057-2333355,Darin I
056-9228414,Vickie
051-6549458,Mary
054-0781858,Doris
055-0182854,Leonard
052-7814515,Bianca
050-1788498,Joe S
055-4125916,Becky T
051-7821268,Taylor
051-3180181,Zoe X
055-6089358,Jacob
054-3393865,Tracey
050-2431164,Ariana
059-5521663,Kelli Q
058-0401097,Kirk
059-7403605,Marilyn
056-6143503,Selena
054-4541128,Pam T
058-7220178,Robyn
052-9543971,Tommy
055-9333758,Debra
056-9847588,Antonio
055-1132573,Nichole
056-5681574,Summer
059-5392634,Tristan
058-4734126,Levi
059-4852070,Kathy I
054-4706635,Pam
052-1251302,Justin
056-9330216,Morgan
054-9589459,Earl Z
057-4512818,Mindy
051-0382960,Brad H
054-1733284,Steve L
059-8478917,Neil U
059-9362337,Gail G
058-9920816,Juan
050-4206336,Victor
051-1812098,Mikayla
055-7725803,Jenny V
053-6483308,Kelly Z
053-8328563,Jacob Y
051-3139067,Norman
050-6601691,Dale
053-5285543,Alfred
055-0454729,Craig C
056-6379525,Kurt
050-2848890,Colton
051-4605819,Trevor
050-5616188,Cassidy
052-8735974,Janet
051-2235876,Ray J
052-5288148,Joe
056-0315278,Peter
053-4150182,Gina
050-9737771,Jo
050-8868452,Mike Q
056-0094641,Isaiah
055-3181748,Erik R
058-8943348,Marie F
051-1285204,Jamie
050-7832840,Rebecca
051-8877297,Sara K
053-2200340,Thomas
055-0139636,Scott N
050-7815194,Amy
050-4244631,Richard
051-3710931,Shaun
050-8940355,Jack R
059-6953461,Linda
052-6100166,Dan
051-5824897,Brady P
055-2257756,Deanna
051-6311749,Lisa
054-3943443,Marisa
052-6119604,Ian C
057-3351630,Tracie
055-9811439,Casey
059-2411869,Frances
055-2442412,Lee O
056-5428760,Brent U
051-1718986,Gloria
050-4265726,Karla M
054-1332100,Mario K
057-1011106,Jodi
058-1330471,Louis G
054-3727059,Autumn
050-9856162,Meghan
058-9781719,Jacob H
058-6693350,Nicole
058-7247368,Glenn L
057-4074836,Daryl C
054-3109624,Brian E
051-6571889,Max
057-9819703,Marissa
059-0513137,Harry
057-2034298,Joseph
059-5251304,Johnny
054-8895768,Jo N
054-5418872,Ross
056-9947039,Brianna
058-9469348,Jade I
053-3044070,Gilbert
055-6279704,Drew S
050-6401335,Emily
057-3419322,Nathan
059-4616242,Doris U
056-1437627,Lindsey
055-2005117,Dwayne
053-2347121,Nancy
057-2158366,Kellie
057-4062152,Roger
051-9778353,Dawn R
053-5808310,Martin
055-5509331,Tonya Q
052-3972824,Dana O
050-7251464,Jeff P
051-4452834,Cameron
054-0864687,Lynn C
050-8750652,Terri T
056-1376472,Peter I
055-1994327,Ralph S
056-1815677,Sabrina
055-9498348,Todd
053-8326524,Chelsea
059-6862780,Joel
053-5418230,Don S
059-4615706,Rhonda
053-6865252,Brett R
051-7727054,Bryce
058-2444338,Roger P
055-3220499,Damon
053-6766599,Larry V
057-1485754,Megan
059-0619755,Jade M
053-1670410,Haley E
051-0415937,Lance D
055-6000270,Sierra
058-7126314,Hayley
051-6718217,Dean D
058-3938552,Stacy K
051-4918367,Carly M
056-1324759,Dave
059-3903220,Ray S U
055-5738369,Tina
058-8903624,Herbert
055-0672439,Ann
054-2382140,Levi O
050-3041179,Roberto
056-4346872,Dorothy
053-6908489,Amber
052-9617110,Kirk M
052-2149924,Ricardo
054-3156464,Joy
051-9470527,Kayla Y
057-7974409,Carolyn
055-3949155,Toni B
057-7615754,Paul L
057-2577163,Kevin S
059-8224888,Carla H
056-2257827,Janet Z
052-7348436,Andrea
058-4421583,Derek
052-3066786,Kathryn
053-1908078,Wesley
052-9178866,Jon
055-0998684,Joann Y
058-0662507,Spencer
054-1100309,Desiree
059-7647147,Terry C
